id,name,model_id:id,group_id:id,perm_read,perm_write,perm_create,perm_unlink
access_booking_period_user,booking.period user,model_yousentech_booking_period,yousentech_booking.group_booking_user,1,0,0,0
access_booking_period_manager,booking.period manager,model_yousentech_booking_period,yousentech_booking.group_booking_manager,1,1,1,1
access_booking_hall_user,booking.hall user,model_yousentech_booking_hall,yousentech_booking.group_booking_user,1,0,0,0
access_booking_hall_manager,booking.hall manager,model_yousentech_booking_hall,yousentech_booking.group_booking_manager,1,1,1,1
access_booking_event_user,booking.event user,model_yousentech_booking_event,yousentech_booking.group_booking_user,1,1,1,0
access_booking_event_manager,booking.event manager,model_yousentech_booking_event,yousentech_booking.group_booking_manager,1,1,1,1
access_stay_resource_user,stay.resource user,model_yousentech_stay_resource,yousentech_booking.group_booking_user,1,0,0,0
access_stay_resource_manager,stay.resource manager,model_yousentech_stay_resource,yousentech_booking.group_booking_manager,1,1,1,1
access_stay_booking_user,stay.booking user,model_yousentech_stay_booking,yousentech_booking.group_booking_user,1,1,1,0
access_stay_booking_manager,stay.booking manager,model_yousentech_stay_booking,yousentech_booking.group_booking_manager,1,1,1,1
access_booking_service_user,booking.service user,model_yousentech_booking_service,yousentech_booking.group_booking_user,1,0,0,0
access_booking_service_manager,booking.service manager,model_yousentech_booking_service,yousentech_booking.group_booking_manager,1,1,1,1
access_booking_package_user,booking.package user,model_yousentech_booking_package,yousentech_booking.group_booking_user,1,0,0,0
access_booking_package_manager,booking.package manager,model_yousentech_booking_package,yousentech_booking.group_booking_manager,1,1,1,1
access_event_service_line_user,event.service.line user,model_yousentech_booking_event_service_line,yousentech_booking.group_booking_user,1,1,1,0
access_event_addon_line_user,event.addon.line user,model_yousentech_booking_event_addon_line,yousentech_booking.group_booking_user,1,1,1,0
access_event_addon_line_manager,event.addon.line manager,model_yousentech_booking_event_addon_line,yousentech_booking.group_booking_manager,1,1,1,1
access_rate_plan_user,stay.rate.plan user,model_yousentech_stay_rate_plan,yousentech_booking.group_booking_user,1,0,0,0
access_rate_plan_manager,stay.rate.plan manager,model_yousentech_stay_rate_plan,yousentech_booking.group_booking_manager,1,1,1,1
access_stay_addon_user,stay.addon user,model_yousentech_stay_addon,yousentech_booking.group_booking_user,1,0,0,0
access_stay_addon_manager,stay.addon manager,model_yousentech_stay_addon,yousentech_booking.group_booking_manager,1,1,1,1
access_stay_addon_line_user,stay.addon.line user,model_yousentech_stay_booking_addon_line,yousentech_booking.group_booking_user,1,1,1,0
access_commercial_snapshot_user,commercial.snapshot user,model_yousentech_booking_commercial_snapshot,yousentech_booking.group_booking_user,1,0,0,0
access_audit_supervisor,booking.audit supervisor,model_yousentech_booking_audit_log,yousentech_booking.group_booking_supervisor,1,0,0,0
access_package_line_user,booking.package.line user,model_yousentech_booking_package_line,yousentech_booking.group_booking_user,1,0,0,0
access_package_line_manager,booking.package.line manager,model_yousentech_booking_package_line,yousentech_booking.group_booking_manager,1,1,1,1
access_payment_schedule_user,booking.payment.schedule user,model_yousentech_booking_payment_schedule,yousentech_booking.group_booking_user,1,1,1,0
access_payment_schedule_manager,booking.payment.schedule manager,model_yousentech_booking_payment_schedule,yousentech_booking.group_booking_manager,1,1,1,1

access_booking_demo_setup_manager,booking.demo.setup manager,model_yousentech_booking_demo_setup,yousentech_booking.group_booking_manager,1,1,1,1

access_booking_settings_manager,booking.settings manager,model_yousentech_booking_settings,yousentech_booking.group_booking_manager,1,1,1,0

access_booking_cancel_wizard_supervisor,booking.cancel.wizard supervisor,model_yousentech_booking_cancel_wizard,yousentech_booking.group_booking_supervisor,1,1,1,1
